row_id,Episode,Season,Show,narration_text
0,e1-Winter is Coming,season-01,Game-of-Thrones,"First scene opens with three Rangers riding through a tunnel, leaving the Wall, and going into the woods. (Eerie music in background) One Ranger splits off and finds a campsite full of mutilated bodies, including a child hanging from a tree branch. A birds-eye view shows the bodies arranged in a shield-like pattern. The Ranger rides back to the other two."
9,e1-Winter is Coming,season-01,Game-of-Thrones,GARED grumbles.
12,e1-Winter is Coming,season-01,Game-of-Thrones,"WILL glares, but obeys. Sometime later, the three Rangers return to the campsite, which is now completely cleared."
16,e1-Winter is Coming,season-01,Game-of-Thrones,"The three look around, swords drawn. They hear the wind and eerie calls. GARED finds a red cloth in the snow."
21,e1-Winter is Coming,season-01,Game-of-Thrones,Blackout
22,e1-Winter is Coming,season-01,Game-of-Thrones,"Riders from Winterfell come up behind a dazed WILL. The scene shifts to the castle, where BRAN is practicing archery and getting frustrated, under the eyes of JON SNOW and ROBB STARK. JON pats BRAN’S shoulder."
24,e1-Winter is Coming,season-01,Game-of-Thrones,We see NED and CATELYN STARK watching from above.
26,e1-Winter is Coming,season-01,Game-of-Thrones,Scene shifts to needlework practice with the girls inside the castle.
30,e1-Winter is Coming,season-01,Game-of-Thrones,"As she murmurs to SANSA about the embroidery, ARYA struggles with her needlework and listens to the arrows hitting and the male laughter outside."
31,e1-Winter is Coming,season-01,Game-of-Thrones,"Outside, BRAN tries and misses again. Everyone laughs."
35,e1-Winter is Coming,season-01,Game-of-Thrones,"BRAN pulls the arrow back. An arrow hits the bullseye. BRAN (still with his arrow), JON, and ROBB turn in surprise to see ARYA, who curtsies after her perfect shot. ROBB and JON laugh as Bran takes out after ARYA."
37,e1-Winter is Coming,season-01,Game-of-Thrones,RODRICK CASSEL and THEON GREYJOY approach NED and CATELYN on the balcony.
39,e1-Winter is Coming,season-01,Game-of-Thrones,NED grimaces.
41,e1-Winter is Coming,season-01,Game-of-Thrones,THEON departs.
46,e1-Winter is Coming,season-01,Game-of-Thrones,CASSEL nods and departs.
49,e1-Winter is Coming,season-01,Game-of-Thrones,"NED departs. In the courtyard, ROBB and JON gather the arrows. CATELYN turns and glares down on JON. He looks at her and walks away."
51,e1-Winter is Coming,season-01,Game-of-Thrones,"Scene shifts, and we see WILL being taken to the block."
53,e1-Winter is Coming,season-01,Game-of-Thrones,He and NED face each other.
55,e1-Winter is Coming,season-01,Game-of-Thrones,NED draws Ice from a scabbard held by Theon.
57,e1-Winter is Coming,season-01,Game-of-Thrones,NED bows his head over ICE.
63,e1-Winter is Coming,season-01,Game-of-Thrones,NED swings ICE and beheads WILL. BRAN does not look away.
65,e1-Winter is Coming,season-01,Game-of-Thrones,He walks away. ROBB turns and puts his arm around BRAN and they go to their horses together. NED approaches BRAN.
75,e1-Winter is Coming,season-01,Game-of-Thrones,Scene shifts to a dead stag’s head. The Winterfell men gather on the bridge They see a ravaged deer before them.
79,e1-Winter is Coming,season-01,Game-of-Thrones,"With swords out, they begin to search. NED finds a dead direwolf with antlers through her throat. Her pups are whimpering around her."
82,e1-Winter is Coming,season-01,Game-of-Thrones,NED and CASSEL glance at each other.
84,e1-Winter is Coming,season-01,Game-of-Thrones,He pulls out the antlers.
87,e1-Winter is Coming,season-01,Game-of-Thrones,Jon picks up a pup and offers it to BRAN.
99,e1-Winter is Coming,season-01,Game-of-Thrones,"Everyone looks at NED, BRAN with great hope."
101,e1-Winter is Coming,season-01,Game-of-Thrones,BRAN cradles his pup as JON hands more pups to ROBB.
104,e1-Winter is Coming,season-01,Game-of-Thrones,"JON walks away, pauses, and hears another whimper."
106,e1-Winter is Coming,season-01,Game-of-Thrones,JON pulls up a white wolf pup.
108,e1-Winter is Coming,season-01,Game-of-Thrones,"Scene shifts to bells ringing at Kings Landing. In front of the Iron Throne, surrounded by druidical looking celebrants, lies the body of JON ARRYN. Up in the balcony, CERSEI watches the scene below as JAIME approaches."
111,e1-Winter is Coming,season-01,Game-of-Thrones,"In a whisper, mimicking"
118,e1-Winter is Coming,season-01,Game-of-Thrones,Scene shifts to a raven approaching Winterfell. CATELYN crosses a busy courtyard and finds NED in the godswood.
127,e1-Winter is Coming,season-01,Game-of-Thrones,pause
130,e1-Winter is Coming,season-01,Game-of-Thrones,Scene shifts to the Winterfell great hall where a great banquet is being prepared.
136,e1-Winter is Coming,season-01,Game-of-Thrones,"Scene shifts to Robb, Theon, and Jon getting barbered."
138,e1-Winter is Coming,season-01,Game-of-Thrones,sleek as a mink?
142,e1-Winter is Coming,season-01,Game-of-Thrones,"Scene shifts to the royal procession approaching Winterfell. Bran sees them from his perch high atop a castle wall and clambers nimbly down to tell everyone. CATELYN and LUWIN walk to the courtyard, passing BRAN’s wolf pup."
143,e1-Winter is Coming,season-01,Game-of-Thrones,Seeing BRAN on the wall
152,e1-Winter is Coming,season-01,Game-of-Thrones,"BRAN runs off, followed by his wolf pup."
153,e1-Winter is Coming,season-01,Game-of-Thrones,"Scene shifts to grand entry of the king’s horses and men. ARYA, wearing a helm and cloak, pushes her way into a tall wagon for a better look. In rides JOFFREY, followed by the HOUND. The other Starks wait in a greeting line."
155,e1-Winter is Coming,season-01,Game-of-Thrones,More riders with banners. ARYA scoots past her parents to get in the receiving line.
156,e1-Winter is Coming,season-01,Game-of-Thrones,Pulls off ARYA’s helm
158,e1-Winter is Coming,season-01,Game-of-Thrones,"JOFFREY rides up, SANSA smiles at him, ROBB glares at JOFFREY. The HOUND pulls up his helm. The coach carrying CERSEI lumbers in, followed by KING ROBERT. All kneel. ROBERT heaves himself off his horse. NED looks shocked at the sight of his old friend, now fat and red-faced. ROBERT signals for all to rise and looks at NED."
161,e1-Winter is Coming,season-01,Game-of-Thrones,NED gives ROBERT a “What about you?” look. They start laughing.
166,e1-Winter is Coming,season-01,Game-of-Thrones,CERSEI and her other children descend from the coach.
172,e1-Winter is Coming,season-01,Game-of-Thrones,JAIME removes his helm.
175,e1-Winter is Coming,season-01,Game-of-Thrones,CERSEI approaches.
181,e1-Winter is Coming,season-01,Game-of-Thrones,"CERSEI, humiliated in front of all, walks back to JAIME."
183,e1-Winter is Coming,season-01,Game-of-Thrones,Scene changes to the crypt.
190,e1-Winter is Coming,season-01,Game-of-Thrones,NED kneels.
193,e1-Winter is Coming,season-01,Game-of-Thrones,"Scene changes to JAIME in the Winterfell settlement. We see Tyrion inside a whorehouse, swilling liquor and laughing as a woman pops into view after servicing him."
208,e1-Winter is Coming,season-01,Game-of-Thrones,She climbs on TYRION. JAIME walks in without knocking.
217,e1-Winter is Coming,season-01,Game-of-Thrones,JAIME leaves.
219,e1-Winter is Coming,season-01,Game-of-Thrones,Robert places a feather in the hand of her statue.
223,e1-Winter is Coming,season-01,Game-of-Thrones,He touches Lyanna’s face.
227,e1-Winter is Coming,season-01,Game-of-Thrones,"Scene shifts to Daenerys on a balcony in Pentos, across the Narrow Sea."
229,e1-Winter is Coming,season-01,Game-of-Thrones,He enters a large chamber.
234,e1-Winter is Coming,season-01,Game-of-Thrones,VISERYS nods and starts to leave the chamber. He turns.
236,e1-Winter is Coming,season-01,Game-of-Thrones,Daenerys turns and steps into a steaming hot bath with a despairing look on her face.
238,e1-Winter is Coming,season-01,Game-of-Thrones,"But DAENERYS keeps stepping deeper. The scene shifts to ILLYRIOS, DAENERYS, AND VISERYS outside the mansion, awaiting Khal Drogo."
241,e1-Winter is Coming,season-01,Game-of-Thrones,A host of Dothraki come riding up. Khal Drogo wheels his stallion into the front.
245,e1-Winter is Coming,season-01,Game-of-Thrones,"KHAL DROGO watches as DAENERYS walks toward him. She does not hesitate and looks straight at him, although there is fear on her face. KHAL DROGO gazes at her and then leads his horsemen on a charge away."
250,e1-Winter is Coming,season-01,Game-of-Thrones,"The scene shifts to ILLYRIO, VISERYS, AND DAENERYS ON A GARDEN BALCONY OVERLOOKING THE SEA."
263,e1-Winter is Coming,season-01,Game-of-Thrones,"He gives DAENERYS a brotherly kiss on the forehead and walks away. The scene shifts to a bedroom in Winterfell, where CATELYN is fixing SANSA’S hair."
267,e1-Winter is Coming,season-01,Game-of-Thrones,CATELYN rolls her eyes.
275,e1-Winter is Coming,season-01,Game-of-Thrones,"Scene shifts to the Winterfell banquet. Laughter, music, KING ROBERT getting bawdy with a wench. CATELYN and CERSEI watch, CATELYN embarrassed for CERSEI, who looks disgusted. Out in the courtyard, JON takes out his frustration on a fencing dummy. His uncle BENJEN rides up."
278,e1-Winter is Coming,season-01,Game-of-Thrones,They hug.
290,e1-Winter is Coming,season-01,Game-of-Thrones,BENJEN goes to the banquet.
296,e1-Winter is Coming,season-01,Game-of-Thrones,JON looks angry and turns away.
302,e1-Winter is Coming,season-01,Game-of-Thrones,TYRION departs. JON picks up his sword and attacks the dummy with new ferocity.
303,e1-Winter is Coming,season-01,Game-of-Thrones,"The scene shifts back to the banquet, in full raucous swing. NED is off to himself; BENJEN comes up to him."
311,e1-Winter is Coming,season-01,Game-of-Thrones,ROBB approaches.
315,e1-Winter is Coming,season-01,Game-of-Thrones,KING ROBERT gets even more bawdy with a wench.
318,e1-Winter is Coming,season-01,Game-of-Thrones,They observe SANSA.
320,e1-Winter is Coming,season-01,Game-of-Thrones,SANSA approaches and smiles shyly at CERSEI.
328,e1-Winter is Coming,season-01,Game-of-Thrones,SANSA nods yes.
330,e1-Winter is Coming,season-01,Game-of-Thrones,SANSA departs.
334,e1-Winter is Coming,season-01,Game-of-Thrones,SANSA and JOFFREY catch each other’s eye. JOFFREY smiles at her and she turns to her friend.
335,e1-Winter is Coming,season-01,Game-of-Thrones,JAIME and NED meet up. JAIME blocks their path.
344,e1-Winter is Coming,season-01,Game-of-Thrones,ARYA flips food onto SANSA’s face.
346,e1-Winter is Coming,season-01,Game-of-Thrones,CATELYN signals a laughing ROBB to deal with the girls. He hoists up ARYA.
348,e1-Winter is Coming,season-01,Game-of-Thrones,The scene shifts to after the banquet. NED and CATELYN are in their bed.
355,e1-Winter is Coming,season-01,Game-of-Thrones,There’s a knock at the door.
359,e1-Winter is Coming,season-01,Game-of-Thrones,He hands CATELYN a sealed note.
362,e1-Winter is Coming,season-01,Game-of-Thrones,"CATELYN reads the note, looks up in alarm, and then burns it."
372,e1-Winter is Coming,season-01,Game-of-Thrones,The scene shifts to the wild wedding celebration of KHAL DROGO and DAENERYS. Fighting and fornication. DAENERYS looks stricken at everything around her.
378,e1-Winter is Coming,season-01,Game-of-Thrones,The sex and violence intensify. Two men fight to the death over a woman each is trying to rape. KHAL DROGO watches avidly.
380,e1-Winter is Coming,season-01,Game-of-Thrones,"A knight in Westerosi garb appears. KHAL DROGO greets him in Dothraki. It is JORAH MORMONT, bearing books."
384,e1-Winter is Coming,season-01,Game-of-Thrones,DANY is presented with a chest with three dragon eggs in it.
387,e1-Winter is Coming,season-01,Game-of-Thrones,"KHAL DROGO rises and strides forward. DAENERYS follows him, looking sick with fear. The Dothraki crowd behind her as she goes. The KHAL leads her to a white mare."
390,e1-Winter is Coming,season-01,Game-of-Thrones,The KHAL puts DANY on her horse and mounts his.
392,e1-Winter is Coming,season-01,Game-of-Thrones,The scene shifts to the seaside at sunset. The KHAL begins to unwrap DANY’s dress. She is sobbing. He touches the tears on her face.
396,e1-Winter is Coming,season-01,Game-of-Thrones,He takes off her gown and bends her down.
397,e1-Winter is Coming,season-01,Game-of-Thrones,The scene shifts to Winterfell. Tyrion and the Hound are seated outside the day after the banquet.
403,e1-Winter is Coming,season-01,Game-of-Thrones,The king and Ned come into view.
409,e1-Winter is Coming,season-01,Game-of-Thrones,"The king’s party rides off, NED nodding goodbye to BRAN, whose wolf pup begins sniffing at his feet."
411,e1-Winter is Coming,season-01,Game-of-Thrones,"BRAN begins climbing, his wolf pup crying at the bottom of the castle wall. As he nears the top, he hears a woman and man moaning. Peering in the window, he sees CERSEI and JAIME having sex. CERSEI sees BRAN."
413,e1-Winter is Coming,season-01,Game-of-Thrones,JAIME runs and grabs BRAN at the window.
422,e1-Winter is Coming,season-01,Game-of-Thrones,"JAIME looks at CERSEI, who gazes back imploringly."
424,e1-Winter is Coming,season-01,Game-of-Thrones,He shoves BRAN out the window.
1195,e3-Lord Snow,season-01,Game-of-Thrones,laughs
1278,e3-Lord Snow,season-01,Game-of-Thrones,poking her head out of a window
1369,e3-Lord Snow,season-01,Game-of-Thrones,to Viserys
4394,e9-Baelor,season-01,Game-of-Thrones,thousand
14477,e9-The Rains of Castamere,season-03,Game-of-Thrones,Opening Credits
14478,e9-The Rains of Castamere,season-03,Game-of-Thrones,"First scene shows the location of Casterly Rock (ancestral seat of House Lannister) on a giant map of Westeros. There are several game pieces representing different House sigils located on different parts of the map. ROBB STARK and CATELYN STARK are at a campsite, within a tent lit up by candles"
14482,e9-The Rains of Castamere,season-03,Game-of-Thrones,ROBB nods in agreement
14485,e9-The Rains of Castamere,season-03,Game-of-Thrones,ROBB pauses then walks around CATELYN
14487,e9-The Rains of Castamere,season-03,Game-of-Thrones,ROBB pours himself something to drink
14489,e9-The Rains of Castamere,season-03,Game-of-Thrones,ROBB pauses
14491,e9-The Rains of Castamere,season-03,Game-of-Thrones,"CATELYN pauses, staring at ROBB.  She then looks at the map"
14493,e9-The Rains of Castamere,season-03,Game-of-Thrones,ROBB grabs a House Frey piece
14496,e9-The Rains of Castamere,season-03,Game-of-Thrones,"Close up shots of the map showing the sigils of House Stark, House Frey and House Lannister"
14498,e9-The Rains of Castamere,season-03,Game-of-Thrones,ROBB moves the House Frey piece to the House Stark side of the map
14500,e9-The Rains of Castamere,season-03,Game-of-Thrones,A flash of anger spreads across CATELYN's face
14502,e9-The Rains of Castamere,season-03,Game-of-Thrones,"The scene shifts to the inside of The Twins, as a servant walks around with a plate of bread and salt in observation of the Westerosi tradition of ""Guest Right"".  ROBB, his wife TALISA MAEGYR, his uncle EDMURE TULLY, his great uncle BRYNDEN ""BLACKFISH"" TULLY, CATELYN and the Stark army are in the presence of WALDER FREY and his family.  ROBB takes a piece of bread, dips it into the salt and eats it while looking intently at WALDER"
14505,e9-The Rains of Castamere,season-03,Game-of-Thrones,Servant stops in front of WALDER.  He takes a piece of bread from the plate and eats it
14508,e9-The Rains of Castamere,season-03,Game-of-Thrones,WALDER signals for his female relatives to appear before ROBB
14510,e9-The Rains of Castamere,season-03,Game-of-Thrones,"As WALDER calls each relative by name, they briefly look up at ROBB"
14512,e9-The Rains of Castamere,season-03,Game-of-Thrones,WALDER pauses to chew
14514,e9-The Rains of Castamere,season-03,Game-of-Thrones,EDMURE intently watches the Frey women
14516,e9-The Rains of Castamere,season-03,Game-of-Thrones,EDMURE closes his eyes after hearing WALDER'S comments about his granddaughters
14518,e9-The Rains of Castamere,season-03,Game-of-Thrones,WALDER guessing at his granddaughter's name.  EDMURE raises his eyebrows
14521,e9-The Rains of Castamere,season-03,Game-of-Thrones,ROBB looks at the Frey women
14523,e9-The Rains of Castamere,season-03,Game-of-Thrones,WALDER claps to signal the dismissal of the Frey women
14525,e9-The Rains of Castamere,season-03,Game-of-Thrones,WALDER focuses on TALISA
14527,e9-The Rains of Castamere,season-03,Game-of-Thrones,TALISA takes a couple of steps towards WALDER.  WALDER moves forward in his seat and squints
14529,e9-The Rains of Castamere,season-03,Game-of-Thrones,TALISA looks at ROBB who nods.  Frey men look on as she takes a couple more steps towards WALDER.  She bows her head
14531,e9-The Rains of Castamere,season-03,Game-of-Thrones,WALDER leans forward with a grin
14533,e9-The Rains of Castamere,season-03,Game-of-Thrones,"WALDER grins, ROBB visibly uncomfortable"
14535,e9-The Rains of Castamere,season-03,Game-of-Thrones,ROBB starts to step forward before CATELYN stops him
14537,e9-The Rains of Castamere,season-03,Game-of-Thrones,ROBB visibly angry
14539,e9-The Rains of Castamere,season-03,Game-of-Thrones,WALDER stands up and claps
14544,e9-The Rains of Castamere,season-03,Game-of-Thrones,DAARIO points at a location on the map
14546,e9-The Rains of Castamere,season-03,Game-of-Thrones,"DAARIO gets closer to DAENERYS, grabs and guides her hand to the location he was referring to.  JORAH watches him closely"
14550,e9-The Rains of Castamere,season-03,Game-of-Thrones,DAENERYS briefly looks up at DAARIO and JORAH briefly looks at her
14554,e9-The Rains of Castamere,season-03,Game-of-Thrones,DAARIO nods at JORAH and GREY WORM.  JORAH looks at GREY WORM who briefly looks back
14558,e9-The Rains of Castamere,season-03,Game-of-Thrones,JORAH sighs and looks at Grey Worm
14560,e9-The Rains of Castamere,season-03,Game-of-Thrones,Speaking to Grey Worm in Valyrian
14561,e9-The Rains of Castamere,season-03,Game-of-Thrones,In Valyrian
14562,e9-The Rains of Castamere,season-03,Game-of-Thrones,"Speaking in the Common Tongue (in this case, English) again"
14564,e9-The Rains of Castamere,season-03,Game-of-Thrones,DAENERYS' advisers start to leave.  DAARIO grins at DAENERYS who looks back at him.  BARRISTAN walks towards JORAH
14567,e9-The Rains of Castamere,season-03,Game-of-Thrones,"Scene shifts to Beyond The Wall in the North.  SAMWELL TARLY, GILLY and her baby are walking south towards Castle Black"
14569,e9-The Rains of Castamere,season-03,Game-of-Thrones,GILLY stops and looks at SAMWELL in a confused manner
14575,e9-The Rains of Castamere,season-03,Game-of-Thrones,"SAMWELL smiles.  Next shot, GILLY and SAMWELL gaze up at the Wall"
14577,e9-The Rains of Castamere,season-03,Game-of-Thrones,"Scene changes to SANDOR ""THE HOUND"" CLEGANE and ARYA STARK on horseback in the Riverlands, on their way to The Twins, where THE HOUND plans on returning ARYA to her mother and brother in the hopes of receiving some reward.  They see a PIG FARMER along the way who's having trouble with the wheel spokes on his cart"
14579,e9-The Rains of Castamere,season-03,Game-of-Thrones,THE HOUND hands the horse reins to ARYA and walks over to the PIG FARMER
14583,e9-The Rains of Castamere,season-03,Game-of-Thrones,THE HOUND lifts the cart up
14585,e9-The Rains of Castamere,season-03,Game-of-Thrones,"PIG FARMER fixes the wheel, THE HOUND sets the cart down"
14587,e9-The Rains of Castamere,season-03,Game-of-Thrones,"THE HOUND punches the PIG FARMER in the face, knocking him to the ground.  THE HOUND then unsheathes his dagger and prepares to kill him, prompting ARYA to intervene"
14595,e9-The Rains of Castamere,season-03,Game-of-Thrones,THE HOUND looks at the PIG FARMER on the ground
14597,e9-The Rains of Castamere,season-03,Game-of-Thrones,"Confused, ARYA turns her head to look down at the PIG FARMER"
14600,e9-The Rains of Castamere,season-03,Game-of-Thrones,THE HOUND again tries to approach the PIG FARMER in order to kill him but ARYA again intervenes pushing him back
14602,e9-The Rains of Castamere,season-03,Game-of-Thrones,THE HOUND pauses then sheathes his dagger
14604,e9-The Rains of Castamere,season-03,Game-of-Thrones,"PIG FARMER starts to regain consciousness.  ARYA grabs a piece of wood from the cart and hits him across the face with it, knocking him out again.  She then walks back to the horse as THE HOUND looks on surprised"
14605,e9-The Rains of Castamere,season-03,Game-of-Thrones,"Scene changes to the North, south of the wall.  BRAN STARK, RICKON STARK, HODOR, JOJEN REED, MEERA REED and OSHA are walking past a windmill"
14611,e9-The Rains of Castamere,season-03,Game-of-Thrones,BRAN looks at OSHA who stares back at him
14614,e9-The Rains of Castamere,season-03,Game-of-Thrones,OSHA stares at RICKON who looks back at her
14618,e9-The Rains of Castamere,season-03,Game-of-Thrones,"Thunder rumbling, everyone looks up at the sky and at the windmill"
14620,e9-The Rains of Castamere,season-03,Game-of-Thrones,They begin walking back towards the windmill.  OSHA puts her hand on RICKON’S head
14622,e9-The Rains of Castamere,season-03,Game-of-Thrones,"Scene changes showing ORELL’S eagle circling over an old horse breeder’s home.  JON SNOW, TORMUND GIANTSBANE, ORELL, YGRITTE are hiding, waiting for ORELL’S scouting report"
14632,e9-The Rains of Castamere,season-03,Game-of-Thrones,ORELL looks at TORMUND
14634,e9-The Rains of Castamere,season-03,Game-of-Thrones,YGRITTE looks at JON
14636,e9-The Rains of Castamere,season-03,Game-of-Thrones,JON looks at TORMUND
14639,e9-The Rains of Castamere,season-03,Game-of-Thrones,TORMUND announces to the rest of the wildlings
14641,e9-The Rains of Castamere,season-03,Game-of-Thrones,"The wildlings run towards the OLD MAN’S home.  JON smacks his sword, Longclaw, against a rock to alert the OLD MAN and his horses. Upon hearing his horses moving about, the OLD MAN steps outside and sees the wildlings running towards his home.  He gets on one of the horses and starts riding off.  YGRITTE preps her bow and arrow, aiming for the OLD MAN"
14643,e9-The Rains of Castamere,season-03,Game-of-Thrones,JON intervenes and YGRITTE hits a tree instead
14645,e9-The Rains of Castamere,season-03,Game-of-Thrones,"Scene changes to ARYA looking at The Twins.  They’re relatively close.  Meanwhile, THE HOUND eats pig feet by the cart.  ARYA walks back to THE HOUND"
14647,e9-The Rains of Castamere,season-03,Game-of-Thrones,THE HOUND waves a pig’s foot at ARYA
14649,e9-The Rains of Castamere,season-03,Game-of-Thrones,THE HOUND continues to eat while ARYA gazes back at the Twins
14651,e9-The Rains of Castamere,season-03,Game-of-Thrones,ARYA angrily turns back and looks at THE HOUND
14657,e9-The Rains of Castamere,season-03,Game-of-Thrones,THE HOUND pauses
14659,e9-The Rains of Castamere,season-03,Game-of-Thrones,ARYA moves in closer to THE HOUND
14662,e9-The Rains of Castamere,season-03,Game-of-Thrones,ARYA turns her back to THE HOUND
14665,e9-The Rains of Castamere,season-03,Game-of-Thrones,ARYA turns around and angrily stares at THE HOUND
14667,e9-The Rains of Castamere,season-03,Game-of-Thrones,THE HOUND stares back at ARYA as she walks away to get a closer look at the Twins as thunder rumbles in the sky
14668,e9-The Rains of Castamere,season-03,Game-of-Thrones,Scene changes back to BRAN and company inside of the windmill.  The storm has already begun
14670,e9-The Rains of Castamere,season-03,Game-of-Thrones,OSHA looks at Bran and he looks at her
14675,e9-The Rains of Castamere,season-03,Game-of-Thrones,BRAN looks at HODOR
14677,e9-The Rains of Castamere,season-03,Game-of-Thrones,HODOR visibly scared of the thunder
14680,e9-The Rains of Castamere,season-03,Game-of-Thrones,HODOR still shaken from the thunder
14684,e9-The Rains of Castamere,season-03,Game-of-Thrones,MEERA looks at Bran
14686,e9-The Rains of Castamere,season-03,Game-of-Thrones,MEERA gazes outside and sees the OLD MAN on horseback
14687,e9-The Rains of Castamere,season-03,Game-of-Thrones,From outside
14690,e9-The Rains of Castamere,season-03,Game-of-Thrones,Thunder rumbles
14692,e9-The Rains of Castamere,season-03,Game-of-Thrones,Horses neighing outside.  OSHA tries to quiet down HODOR
14695,e9-The Rains of Castamere,season-03,Game-of-Thrones,From outside
14697,e9-The Rains of Castamere,season-03,Game-of-Thrones,OSHA starts turning her head then gazes outside
14698,e9-The Rains of Castamere,season-03,Game-of-Thrones,To BRAN and RICKON
14700,e9-The Rains of Castamere,season-03,Game-of-Thrones,HODOR stands up
14702,e9-The Rains of Castamere,season-03,Game-of-Thrones,To BRAN
14703,e9-The Rains of Castamere,season-03,Game-of-Thrones,To Hodor
14704,e9-The Rains of Castamere,season-03,Game-of-Thrones,OSHA tries to hold HODOR back but he pushes her aside and starts yelling and moving around anxiously
14705,e9-The Rains of Castamere,season-03,Game-of-Thrones,HODOR continues Hodoring
14709,e9-The Rains of Castamere,season-03,Game-of-Thrones,HODOR continues Hodoring.  ORELL hears voices coming out of the windmill.  He stops and looks up
14712,e9-The Rains of Castamere,season-03,Game-of-Thrones,"BRAN’S eyes roll back as he wargs into HODOR.  HODOR stops making noises as he falls to his knees and then falls asleep on the ground.  ORELL is still looking up at the windmill from the outside.  Inside of the windmill, everybody is in shock at what just happened"
14713,e9-The Rains of Castamere,season-03,Game-of-Thrones,To BRAN
14715,e9-The Rains of Castamere,season-03,Game-of-Thrones,The sound of a horse is heard from outside.  OSHA gets near the windmill opening
14718,e9-The Rains of Castamere,season-03,Game-of-Thrones,Scene shifts to the wildlings who are outside of the windmill with the OLD MAN.  ORELL is still looking up at the windmill
14721,e9-The Rains of Castamere,season-03,Game-of-Thrones,To TORMUND
14725,e9-The Rains of Castamere,season-03,Game-of-Thrones,"ORELL’s eagle is seen circling over the windmill.  TORMUND approaches the OLD MAN who is sitting on the ground.  He pulls a knife out on TORMUND, YGRITTE gets her bow and arrow out and aims for the OLD MAN"
14727,e9-The Rains of Castamere,season-03,Game-of-Thrones,"TORMUND sticks his hand out, asking for the knife.  The OLD MAN gives it to TORMUND, who tosses it aside"
14732,e9-The Rains of Castamere,season-03,Game-of-Thrones,TORMUND unsheathes his sword
14735,e9-The Rains of Castamere,season-03,Game-of-Thrones,"BRAN and RICKON’S direwolves, Shaggydog and Summer, are seen hiding behind a cart, outside of the windmill"
14737,e9-The Rains of Castamere,season-03,Game-of-Thrones,TORMUND helps the OLD MAN get up.  He then gets in position for the kill
14738,e9-The Rains of Castamere,season-03,Game-of-Thrones,Looks at JON
14738,e9-The Rains of Castamere,season-03,Game-of-Thrones,Walks towards JON
14739,e9-The Rains of Castamere,season-03,Game-of-Thrones,"YGRITTE, TORMUND and the OLD MAN stare back at JON.  The scene changes to back inside of the windmill"
14740,e9-The Rains of Castamere,season-03,Game-of-Thrones,Looks at BRAN
14745,e9-The Rains of Castamere,season-03,Game-of-Thrones,JOJEN looks at HODOR who is still resting
14747,e9-The Rains of Castamere,season-03,Game-of-Thrones,Scene switches back to outside of the windmill.  JON unsheathes Longclaw.  He places his sword against the OLD MAN’S neck
14749,e9-The Rains of Castamere,season-03,Game-of-Thrones,"JON nods his head.  The OLD MAN closes his eyes and starts praying, JON hesitates"
14750,e9-The Rains of Castamere,season-03,Game-of-Thrones,Looks at Jon
14751,e9-The Rains of Castamere,season-03,Game-of-Thrones,JON looks back at YGRITTE
14754,e9-The Rains of Castamere,season-03,Game-of-Thrones,JON glares back at TORMUND
14756,e9-The Rains of Castamere,season-03,Game-of-Thrones,"JON raises his sword but hesitates. YGRITTE shoots the OLD MAN in the chest with an arrow, killing him.  This prompts ORELL and TORMUND to reach for their swords"
14758,e9-The Rains of Castamere,season-03,Game-of-Thrones,JON and YGRITTE are standing side by side in defensive positions
14760,e9-The Rains of Castamere,season-03,Game-of-Thrones,"YGRITTE prepares to shoot an arrow at either ORELL or TORMUND but JON pushes her to the ground first.  JON, ORELL and the other wildlings have a sword fight while TORMUND runs towards YGRITTE.  She starts yelling and screaming as TORMUND tries to restrain her"
14764,e9-The Rains of Castamere,season-03,Game-of-Thrones,YGRITTE bites TORMUND’S arm which causes him to lose his grip on her.  She starts running away but TORMUND grabs her and tackles her to the ground
14766,e9-The Rains of Castamere,season-03,Game-of-Thrones,Scene switches back to inside of the windmill.  Everybody is looking at BRAN
14768,e9-The Rains of Castamere,season-03,Game-of-Thrones,"BRAN’S eyes roll back as he wargs into Summer.  Scene goes back outside to JON fighting the wildlings.  Suddenly, the direwolves start attacking the wildlings.  JON continues fighting ORELL until he impales him with Longclaw"
14770,e9-The Rains of Castamere,season-03,Game-of-Thrones,"JON twists his sword as ORELL wargs into his eagle right before dying.  The eagle attacks JON, biting and scratching his face.  JON tosses the eagle aside and makes a run for one of the OLD MAN’S horses.  He starts riding away as TORMUND and YGRITTE look on"
14771,e9-The Rains of Castamere,season-03,Game-of-Thrones,"The scene changes to Yunkai.  DAARIO, JORAH and GREY WORM are outside of the back gate"
14773,e9-The Rains of Castamere,season-03,Game-of-Thrones,"DAARIO approaches the back gate, a guard yells at him in Valyrian"
14775,e9-The Rains of Castamere,season-03,Game-of-Thrones,"The guard lets DAARIO in as JORAH and GREY WORM wait.  In the distance, DAARIO whistles.  JORAH and GREY WORM go through the back gate and into Yunkai.  They see two dead guards and DAARIO sitting down"
14777,e9-The Rains of Castamere,season-03,Game-of-Thrones,"DAARIO wiping blood off his arakh, a Dothraki blade"
14780,e9-The Rains of Castamere,season-03,Game-of-Thrones,"Suddenly, they’re surrounded by Yunkai guards.  A brief fight ensues.  DAARIO throws a knife by JORAH’S head, killing a Yunkai guard who was behind him.  The trio defeat the first wave of guards"
14781,e9-The Rains of Castamere,season-03,Game-of-Thrones,Addressing DAARIO
14782,e9-The Rains of Castamere,season-03,Game-of-Thrones,"DAARIO smiles at JORAH as more Yunkish guards appear, surrounding the trio"
14783,e9-The Rains of Castamere,season-03,Game-of-Thrones,"The scene changes to right outside of The Twins, where the Stark army are set up in tents and passing the time with some wrestling.  It then switches to inside of The Twins, at the wedding ceremony of EDMURE and WALDER’S daughter, ROSLIN FREY. WALDER walks the bride to the altar, her face is covered with a veil.  EDMURE is standing at the altar, looking worried, as ROBB and his family are looking on.  ROBB turns his head back towards WALDER and ROSLIN, while ROOSE BOLTON stares at ROBB.  As WALDER approaches, he trades glances with ROBB.  When WALDER and ROSLIN finally reach the altar, he removes her veil.  EDMURE'S fear of an ugly bride are put to rest when he finally sees how beautiful ROSLIN is.  ROSLIN gets down on her knees in front of EDMURE"
14785,e9-The Rains of Castamere,season-03,Game-of-Thrones,EDMURE helps ROSLIN up
14787,e9-The Rains of Castamere,season-03,Game-of-Thrones,ROSLIN smiles
14789,e9-The Rains of Castamere,season-03,Game-of-Thrones,"EDMURE removes his cloak as he goes behind ROSLIN to drape it over her shoulders.  ROSLIN and ROBB trade glances.  ROBB then looks at WALDER who gives him a strange look before grinning.  EDMURE finishes putting the cloak on ROSLIN, then looks at CATELYN who smiles at him.  He walks back to ROSLIN’S side and the SEPTON ties EDMURE and ROSLIN'S hands together"
14791,e9-The Rains of Castamere,season-03,Game-of-Thrones,EDMURE and ROSLIN turn to each other
14793,e9-The Rains of Castamere,season-03,Game-of-Thrones,BLACKFISH looks at the ugly Frey women who smile back at him.  He quickly turns around
14794,e9-The Rains of Castamere,season-03,Game-of-Thrones,Scene changes to inside of the windmill.  It’s nighttime.  OSHA lights a candle
14797,e9-The Rains of Castamere,season-03,Game-of-Thrones,Looks at JOJEN
14799,e9-The Rains of Castamere,season-03,Game-of-Thrones,Shot of HODOR still resting
14802,e9-The Rains of Castamere,season-03,Game-of-Thrones,Looks at RICKON
14809,e9-The Rains of Castamere,season-03,Game-of-Thrones,OSHA grabs BRAN by the hand
14812,e9-The Rains of Castamere,season-03,Game-of-Thrones,Surprised
14816,e9-The Rains of Castamere,season-03,Game-of-Thrones,RICKON'S eyes start tearing up
14818,e9-The Rains of Castamere,season-03,Game-of-Thrones,RICKON shakes his head with tears in his eyes
14819,e9-The Rains of Castamere,season-03,Game-of-Thrones,Looks at OSHA
14821,e9-The Rains of Castamere,season-03,Game-of-Thrones,RICKON stands up and looks at OSHA
14823,e9-The Rains of Castamere,season-03,Game-of-Thrones,RICKON turns around to look at BRAN
14825,e9-The Rains of Castamere,season-03,Game-of-Thrones,She grabs RICKON by the waist and sits him on her lap
14826,e9-The Rains of Castamere,season-03,Game-of-Thrones,RICKON starts crying.  BRAN looks at OSHA
14828,e9-The Rains of Castamere,season-03,Game-of-Thrones,RICKON cries as OSHA strokes his hair
14829,e9-The Rains of Castamere,season-03,Game-of-Thrones,To RICKON
14830,e9-The Rains of Castamere,season-03,Game-of-Thrones,"Crying, looks at OSHA"
14831,e9-The Rains of Castamere,season-03,Game-of-Thrones,OSHA strokes RICKON’S hair and kisses him on the head.  She then gets up and helps RICKON up as well
14834,e9-The Rains of Castamere,season-03,Game-of-Thrones,OSHA kisses RICKON on the head again
14836,e9-The Rains of Castamere,season-03,Game-of-Thrones,RICKON walks one step before dropping to his knees to give BRAN a tight hug.  The Reeds look at BRAN and RICKON and then switch their gaze to OSHA
14837,e9-The Rains of Castamere,season-03,Game-of-Thrones,Looks at the Reeds
14837,e9-The Rains of Castamere,season-03,Game-of-Thrones,MEERA gives a slight nod
14838,e9-The Rains of Castamere,season-03,Game-of-Thrones,"Final shot of BRAN and RICKON hugging followed by a shot of OSHA and RICKON exiting the windmill, with Shaggydog leading the way"
14839,e9-The Rains of Castamere,season-03,Game-of-Thrones,"Scene shifts to DAENERYS’ tent outside of the city of Yunkai.  It’s nighttime and there are Unsullied soldiers surrounding the tent.  The next shot is inside of the tent.  BARRISTAN is having a drink, MISSANDEI presents some food to DAENERYS who is sitting down.  She suddenly gets up and ignores the food, as she approaches BARRISTAN with impatience"
14840,e9-The Rains of Castamere,season-03,Game-of-Thrones,BARRISTAN looks at her
14840,e9-The Rains of Castamere,season-03,Game-of-Thrones,BARRISTAN shrugs
14841,e9-The Rains of Castamere,season-03,Game-of-Thrones,"BARRISTAN briefly ponders the question before JORAH, GREY WORM and several Unsullied guards arrive.  JORAH and GREY WORM are both tired and covered in blood"
14842,e9-The Rains of Castamere,season-03,Game-of-Thrones,Looks at DAENERYS
14843,e9-The Rains of Castamere,season-03,Game-of-Thrones,DAENERYS likes the news but her face suddenly shows some worry
14845,e9-The Rains of Castamere,season-03,Game-of-Thrones,"JORAH’S face goes from a smile to a look of shock.  Suddenly, DAARIO emerges from behind the Unsullied guards, with a Yunkai flag draped over his shoulder and his face covered in blood.  He walks towards DAENERYS and drops to one knee.  He drapes the flag over his knee and looks up at DAENERYS"
14847,e9-The Rains of Castamere,season-03,Game-of-Thrones,DAENERYS starts to smile
14848,e9-The Rains of Castamere,season-03,Game-of-Thrones,"The scene shifts to the wedding celebration inside of The Twins.  A band is playing music on the balcony of the hall.  WALDER is seated on the high chair at the main table, underneath the balcony where the musicians are playing.  Seated to his left are ROSLIN and EDMURE.  Seated to his right is his wife, JOYEUSE FREY.  Stark men and Frey men and women are celebrating the marriage.  TALISA is seated at a table towards the front, near WALDER'S main table.  Next to her is LOTHAR FREY, one of WALDER'S many sons"
14849,e9-The Rains of Castamere,season-03,Game-of-Thrones,Looking at the band and talking to LOTHAR
14851,e9-The Rains of Castamere,season-03,Game-of-Thrones,"ROBB takes a drink and starts laughing.  Next shot is from across the hall, where ROOSE, BLACKFISH and CATELYN are seated, enjoying themselves"
14853,e9-The Rains of Castamere,season-03,Game-of-Thrones,"Seated next to BLACKFISH is WENDEL MANDERLY of House Manderly.  Next to him is BLACK WALDER FREY, another one of WALDER'S sons"
14854,e9-The Rains of Castamere,season-03,Game-of-Thrones,Looking at EDMURE and talking to BLACKFISH
14855,e9-The Rains of Castamere,season-03,Game-of-Thrones,Shot of EDMURE whispering in ROSLIN'S ear as she smiles
14857,e9-The Rains of Castamere,season-03,Game-of-Thrones,Laughs
14859,e9-The Rains of Castamere,season-03,Game-of-Thrones,CATELYN and BLACKFISH both laugh.  A servant tries to pour some wine into ROOSE'S cup but he covers it with his hand before she can pour anything.  CATELYN looks at ROOSE
14862,e9-The Rains of Castamere,season-03,Game-of-Thrones,Still talking to ROOSE while the servant pours him more wine
14864,e9-The Rains of Castamere,season-03,Game-of-Thrones,ROOSE smiles and BLACKFISH laughs.  CATELYN gives ROOSE a serious look
14868,e9-The Rains of Castamere,season-03,Game-of-Thrones,"BLACKFISH gets up from his seat and begins exiting the hall, as ROBB and TALISA look on"
14872,e9-The Rains of Castamere,season-03,Game-of-Thrones,Looks at EDMURE and ROSLIN
14874,e9-The Rains of Castamere,season-03,Game-of-Thrones,TALISA gasps and tries to strike ROBB but he catches her hand
14876,e9-The Rains of Castamere,season-03,Game-of-Thrones,ROBB and TALISA look at each other before ROBB tries to kiss her.  TALISA stops him
14878,e9-The Rains of Castamere,season-03,Game-of-Thrones,Addressing ROBB loudly so everybody can hear
14879,e9-The Rains of Castamere,season-03,Game-of-Thrones,Everybody starts knocking on the tables.  WALDER signals for the music and knocking to stop
14880,e9-The Rains of Castamere,season-03,Game-of-Thrones,Everybody laughs
14880,e9-The Rains of Castamere,season-03,Game-of-Thrones,Everybody cheers
14881,e9-The Rains of Castamere,season-03,Game-of-Thrones,"Knocking on the tables, chanting"
14882,e9-The Rains of Castamere,season-03,Game-of-Thrones,Gets up from his seat and addresses WALDER
14883,e9-The Rains of Castamere,season-03,Game-of-Thrones,"Everybody cheers, the band starts playing celebratory music again.  EDMURE smiles, ROSLIN looks concerned.  Men start getting up from their seats and approach the main table"
14884,e9-The Rains of Castamere,season-03,Game-of-Thrones,Chanting
14885,e9-The Rains of Castamere,season-03,Game-of-Thrones,The men pick up ROSLIN and carry her out of the hall.  The women grab EDMURE and start bringing him out as well. TALISA looks worried when she sees ROSLIN being carried away.  Everybody is cheering on.  The men start removing some of ROSLIN'S clothes while the women start doing the same to EDMURE
14886,e9-The Rains of Castamere,season-03,Game-of-Thrones,Laughs
14887,e9-The Rains of Castamere,season-03,Game-of-Thrones,ROBB looks on smiling and clapping.  TALISA looks at ROBB with a worried look
14888,e9-The Rains of Castamere,season-03,Game-of-Thrones,ROOSE and CATELYN look at ROSLIN and EDMURE being carried out of the hall
14892,e9-The Rains of Castamere,season-03,Game-of-Thrones,ROOSE looks at CATELYN and chuckles before walking away
14893,e9-The Rains of Castamere,season-03,Game-of-Thrones,ROBB and TALISA watch as the bedding procession is almost finished
14897,e9-The Rains of Castamere,season-03,Game-of-Thrones,TALISA stares at ROBB
14898,e9-The Rains of Castamere,season-03,Game-of-Thrones,"TALISA puts her hand on ROBB'S shoulder, runs it down his arm, before grabbing his hand and placing it on her stomach"
14903,e9-The Rains of Castamere,season-03,Game-of-Thrones,Catches ROBB by surprise
14905,e9-The Rains of Castamere,season-03,Game-of-Thrones,"ROBB and TALISA kiss.  CATELYN looks on and smiles as BLACK WALDER walks towards the door of the hall to close it.  He walks back and the band starts playing the Lannister song, “The Rains of Castamere.”  The band’s expression is very serious and the song isn’t as cheerful as their previous songs.  CATELYN looks up at the band with a worried expression.  Scene changes to outside of The Twins, Grey Wind is locked up in a kennel, whimpering, sensing something is wrong as Frey soldiers are on the move.  The scene then changes again to the main gate of The Twins, where the tents are set up and men are still celebrating. THE HOUND and ARYA approach the gate, riding the pig farmer’s cart"
14907,e9-The Rains of Castamere,season-03,Game-of-Thrones,Three Frey guards stop THE HOUND and ARYA from entering The Twins
14912,e9-The Rains of Castamere,season-03,Game-of-Thrones,ARYA watches as Frey soldiers run into the Twins
14913,e9-The Rains of Castamere,season-03,Game-of-Thrones,Angrily
14914,e9-The Rains of Castamere,season-03,Game-of-Thrones,ARYA looks up
14915,e9-The Rains of Castamere,season-03,Game-of-Thrones,Infuriated
14916,e9-The Rains of Castamere,season-03,Game-of-Thrones,"THE HOUND gives up.  As he looks back, he notices that ARYA is not in the cart.  The scene then switches back to the hall inside of The Twins.  WALDER signals for everybody to be quiet.  He addresses ROBB"
14918,e9-The Rains of Castamere,season-03,Game-of-Thrones,WALDER stands up with a cup in his hand.  Everybody takes a seat except ROBB.  ROOSE returns to the hall and sits next to CATELYN
14920,e9-The Rains of Castamere,season-03,Game-of-Thrones,"CATELYN looks scared.  ROOSE slowly turns his head to look at CATELYN.  He's smiling as he looks down at his arm, inviting CATELYN to take a look"
14922,e9-The Rains of Castamere,season-03,Game-of-Thrones,"CATELYN pulls back ROOSE'S sleeve, she sees that he’s wearing chainmail.  She starts gasping as ROOSE stares at her.  She suddenly gets up from her seat and slaps ROOSE across the face, prompting him to run to the other side of the hall"
14924,e9-The Rains of Castamere,season-03,Game-of-Thrones,"LOTHAR pulls a knife out of his sleeve and repeatedly stabs TALISA in the stomach from behind.  She starts screaming as ROBB looks on in horror.  As ROBB starts to approach her, the band now have crossbows and they shoot arrows at Robb, hitting him.  The rest of the Frey men in the hall start slaughtering the Stark men.  ROBB is repeatedly shot with arrows and falls to the ground.  TALISA falls to the ground in agony.  CATELYN in shock over ROBB, gets hit in the shoulder by an arrow, making her fall down.  As the massacre continues, WALDER smiles and sips from his cup.  The scene then switches to ARYA sneaking into The Twins.  She hides behind a barrel and watches some Stark men eating with Frey men in front of the kennel that Grey Wind is in"
14925,e9-The Rains of Castamere,season-03,Game-of-Thrones,Laughing
14925,e9-The Rains of Castamere,season-03,Game-of-Thrones,Men laughing
14926,e9-The Rains of Castamere,season-03,Game-of-Thrones,ARYA grins
14928,e9-The Rains of Castamere,season-03,Game-of-Thrones,Slit’s the throat of a Stark soldier
14929,e9-The Rains of Castamere,season-03,Game-of-Thrones,"The Frey men kill the Stark men.  They flip over the table and march off as ARYA hides in the shadows of the barrels.  ARYA can hear Grey Wind whimpering as he tries to break out of the locked kennel.  She goes behind the flipped over table and sees Grey Wind jumping up and down.  Suddenly, Frey men appear with crossbows.  Grey Wind growls at them before they shoot him to death.  ARYA is horrified.  She watches as Grey Wind takes his last breath and dies.  She then notices more Frey men emerging from a doorway.  She starts walking towards the doorway until THE HOUND puts his hand on her shoulder and turns her around"
14931,e9-The Rains of Castamere,season-03,Game-of-Thrones,"THE HOUND hits ARYA on the back of the head, knocking her out.  He carries her over his shoulder and starts exiting The Twins.  The scene then changes to CATELYN crawling underneath the table at the hall with the arrow still lodged in her shoulder.  She notices JOYEUSE hiding underneath the main table.  ROBB gazes at TALISA laying on the ground with her hand on her bloodied stomach.  He starts crawling towards her.  WALDER notices and signals for everybody to stop"
14933,e9-The Rains of Castamere,season-03,Game-of-Thrones,ROBB places one hand on TALISA'S stomach and lifts her head up with his other hand.  She has already died.  CATELYN grabs a dagger and emerges from under the table.  She grabs JOYEUSE by the hair and drags her out from under the main table.  CATELYN presses the dagger against JOYEUSE'S throat as WALDER looks on.  The archers fix their sights on CATELYN
14934,e9-The Rains of Castamere,season-03,Game-of-Thrones,ROBB is still cradling TALISA on the floor
14935,e9-The Rains of Castamere,season-03,Game-of-Thrones,Angrily
14936,e9-The Rains of Castamere,season-03,Game-of-Thrones,ROBB lays TALISA'S head on the ground
14939,e9-The Rains of Castamere,season-03,Game-of-Thrones,CATELYN straightens up and presses the dagger harder against JOYEUSE'S neck
14941,e9-The Rains of Castamere,season-03,Game-of-Thrones,ROBB starts to stand up
14943,e9-The Rains of Castamere,season-03,Game-of-Thrones,ROBB turns to CATELYN
14945,e9-The Rains of Castamere,season-03,Game-of-Thrones,CATELYN turns to ROBB with tears in her eyes as ROOSE suddenly reappears in front of ROBB.  He faces ROBB and grabs him by the shoulder
14947,e9-The Rains of Castamere,season-03,Game-of-Thrones,"ROOSE thrusts a dagger into ROBB'S heart. While still staring at CATELYN, ROBB dies and collapses to the floor next to TALISA.  CATELYN wails loudly while WALDER takes a sip from his cup.  She slits JOYEUSE'S throat with the dagger, killing her.  JOYEUSE falls to the ground with blood spraying from her neck and CATELYN drops the dagger.  She looks on hopelessly, in a dreary daze.  After a long pause, BLACK WALDER finally emerges behind CATELYN and slits her throat, killing her.  She falls to the floor with blood spraying from her neck"
14948,e9-The Rains of Castamere,season-03,Game-of-Thrones,Cut To Black
14949,e9-The Rains of Castamere,season-03,Game-of-Thrones,End Credits.  No music
15603,e10-The Children,season-04,Game-of-Thrones,Jon Snow leaves the tunnel and walks out into the snow. Smoking dead bodies lie all around him. As he walks into the forest he becomes surrounded by Wildlings. He has entered the Wildling camp unarmed
15606,e10-The Children,season-04,Game-of-Thrones,Mance and Jon enter Mance's tent and take a seat
15618,e10-The Children,season-04,Game-of-Thrones,One of the Wildlings gets two cups and fills them with liquid. Jon looks at Mance
15620,e10-The Children,season-04,Game-of-Thrones,They pick up their cups
15623,e10-The Children,season-04,Game-of-Thrones,They take a sip and Jon begins to cough
15629,e10-The Children,season-04,Game-of-Thrones,They lift their cups
15637,e10-The Children,season-04,Game-of-Thrones,Jon looks over towards the knife. The Wildlings get their weapons ready
15639,e10-The Children,season-04,Game-of-Thrones,"A horn blows in the distance. Everyone scrambles, Mance draws a knife to Jon's neck"
15642,e10-The Children,season-04,Game-of-Thrones,The Wildlings run around frantically. Men on horseback ride toward them
15644,e10-The Children,season-04,Game-of-Thrones,"The horsemen continue toward the Wildlings, killing all in their path. The Wildlings fight back, clearly outnumbered"
15646,e10-The Children,season-04,Game-of-Thrones,Stannis Baratheon and Davos Seaworth ride up toward Mance Rayder. They get off their horses. Mance disarms himself
15648,e10-The Children,season-04,Game-of-Thrones,Mance nods
15669,e10-The Children,season-04,Game-of-Thrones,Qyburn is seen closely analyzing Gregor's body. He's in Pycelle's lab with Cersei
15684,e10-The Children,season-04,Game-of-Thrones,Pycelle leaves the laboratory angrily as Qyburn tries to save Gregor's body
15692,e10-The Children,season-04,Game-of-Thrones,Cersei leaves as Qyburn drains Gregor's blood. Cersei is seen arguing with Tywin
15715,e10-The Children,season-04,Game-of-Thrones,"Cersei walks away, leaving Tywin standing there alone. Jaime is turning pages in a book in another room"
15726,e10-The Children,season-04,Game-of-Thrones,Cersei kisses Jaime
15738,e10-The Children,season-04,Game-of-Thrones,Cersei kisses Jaime's metal hand. Jaime pulls her close and kisses her
15741,e10-The Children,season-04,Game-of-Thrones,Jaime picks Cersei up and lays her on the table as the start having sex.
15743,e10-The Children,season-04,Game-of-Thrones,Daenerys is sitting on her throne listening to her people's problems
15760,e10-The Children,season-04,Game-of-Thrones,Fennesz leaves slowly
15762,e10-The Children,season-04,Game-of-Thrones,Another man enters the hall
15768,e10-The Children,season-04,Game-of-Thrones,"The man kneels on the ground sobbing, laying a pile of burnt bones on the ground"
15770,e10-The Children,season-04,Game-of-Thrones,The man continues to sob. In another room Daenerys is speaking with Missandei
15778,e10-The Children,season-04,Game-of-Thrones,The entrance to the catacombs is rolled open. Daenerys' dragons enter followed by Daenerys. Inside there is food for them. They chomp at the food as Daenerys puts a chain collar around their necks. She walks away crying as they screech at her. She turns around as the catacombs close with tears in her eyes.
15780,e10-The Children,season-04,Game-of-Thrones,Aemon and the rest of the Night's Watch burn the bodies of their fallen comrades
15784,e10-The Children,season-04,Game-of-Thrones,Jon Snow and Melisandre share a look
15802,e10-The Children,season-04,Game-of-Thrones,Jon walks away
15806,e10-The Children,season-04,Game-of-Thrones,Jon leaves and takes Ygritte's body out past The Wall. He burns her body in a pile of logs.
15808,e10-The Children,season-04,Game-of-Thrones,Hodor drags Bran through the snow followed by Jojen and Meera Reed
15811,e10-The Children,season-04,Game-of-Thrones,Jojen falls to the ground
15815,e10-The Children,season-04,Game-of-Thrones,The group stands at the edge of a cliff. A large tree is seen  not too far off in the distance. They head toward it. As they walk a skeleton hand reaches up and drags Jojen to the ground. It starts pulling him backwards as Meera runs towards him
15819,e10-The Children,season-04,Game-of-Thrones,More hands burst from the ground.
15822,e10-The Children,season-04,Game-of-Thrones,"Skeleton warriors have now emerged from the ground. They attack Jojen, Meera and Hodor. A brawl ensues. One of them attacks Bran until his direwolf, Summer, fights it off. Bran then wargs into Hodor and starts fighting back."
15824,e10-The Children,season-04,Game-of-Thrones,"Meera defeats a skeleton warrior, only to see another repeatedly stabbing Jojen. Just as two skeletons close in on the warging Bran, they’re destroyed by two fireballs, apparently controlled by a young girl."
15826,e10-The Children,season-04,Game-of-Thrones,She looks at Meera and Jojen.
15833,e10-The Children,season-04,Game-of-Thrones,They enter a room filled with tree roots. An old man is seated in the center. Bran approaches him.
15845,e10-The Children,season-04,Game-of-Thrones,Brienne and Podrick wake up in the open air on their way to the Eyrie.
15853,e10-The Children,season-04,Game-of-Thrones,Brienne sees Arya Stark practising her river-dancing.
15872,e10-The Children,season-04,Game-of-Thrones,Sandor “The Hound” Clegane emerges.
15894,e10-The Children,season-04,Game-of-Thrones,Brienne and The Hound both draw their swords.
15899,e10-The Children,season-04,Game-of-Thrones,They begin a swordfight. The Hound seems to have the upper hand but Brienne defends well and floors him.
15901,e10-The Children,season-04,Game-of-Thrones,"The Hound grabs Brienne’s blade with his palms, shoves it to one side and punches her."
15903,e10-The Children,season-04,Game-of-Thrones,"They fight bare-handed, Brienne bites off The Hound's ear, then The Hound draws a knife, and Brienne grabs a rock. She pushes The Hound down a steep cliff."
15910,e10-The Children,season-04,Game-of-Thrones,The camera moves to show us Arya hiding just above Brienne. She walks down to The Hound.
15911,e10-The Children,season-04,Game-of-Thrones,Coughs
15915,e10-The Children,season-04,Game-of-Thrones,Arya offers water.
15918,e10-The Children,season-04,Game-of-Thrones,"Arya stands up, takes The Hound’s coin purse, and walks away."
15920,e10-The Children,season-04,Game-of-Thrones,We enter Tyrion’s cell. The door opens.
15929,e10-The Children,season-04,Game-of-Thrones,They reach the end of the underground tunnel.
15932,e10-The Children,season-04,Game-of-Thrones,They hug.
15936,e10-The Children,season-04,Game-of-Thrones,"Tyrion takes a torch and uses a trap door to enter a room. There is a woman sleeping on a double bed, and we see the booch of the Hand of the King."
15938,e10-The Children,season-04,Game-of-Thrones,"We see that the woman is Shae. She grabs a knife, and she and Tyrion struggle. Tyrion eventually strangles her with the bedclothes, weeping."
15940,e10-The Children,season-04,Game-of-Thrones,Tyrion takes a crossbow from the wall and walks in on Tywin on the privy.
15958,e10-The Children,season-04,Game-of-Thrones,Tyrion fires the crossbow at Tywin.
15961,e10-The Children,season-04,Game-of-Thrones,Tyrion fires again.
15963,e10-The Children,season-04,Game-of-Thrones,"Varys loads Tyrion, in a transport container, onto a ship. He goes to walk back to King's Landing, but turns around and boards the ship himself"
15964,e10-The Children,season-04,Game-of-Thrones,"We go back to Arya, alone. She rides her horse to a small port."
15978,e10-The Children,season-04,Game-of-Thrones,Arya hands over the token she was given by Jaqen H'ghar.
15981,e10-The Children,season-04,Game-of-Thrones,We see Arya aboard the ship.
18864,e8-The Mountain and the Viper,season-04,Game-of-Thrones,"Open to the dark, seedy town of Moles Town. Two men walk toward a brothel with smiles on their faces"
18866,e8-The Mountain and the Viper,season-04,Game-of-Thrones,"Inside everyone is happy, drinking, enjoying themselves. One woman is burping a tune"
18869,e8-The Mountain and the Viper,season-04,Game-of-Thrones,Everyone laughs and goes “ooooo”. She burps the same tune
18871,e8-The Mountain and the Viper,season-04,Game-of-Thrones,Everyone cheers
18882,e8-The Mountain and the Viper,season-04,Game-of-Thrones,"The owl hoots again. A man walks toward a well and in the reflection it's seen that Styr sliced the mans throat. Tormund is also seen as the Wildlings walk through the town killing everyone. Ygritte is also there. Styr and the Wildlings break into the brothel, continuing their killing spree. Ygritte kills everyone upstairs, as she's leaving she hears Gilly's baby cry. Ygritte opens a drape in the back and motions them to keep quiet"
18905,e8-The Mountain and the Viper,season-04,Game-of-Thrones,Everyone takes a drink
18907,e8-The Mountain and the Viper,season-04,Game-of-Thrones,"Men and women are seen swimming in a lake. They're bathing and washing clothes. Grey Worm looks over at Missandei who is naked. Missandei sees him looking, he looks away ashamed then looks back. She stands up proudly, then covers up. He dunks his head under water"
18924,e8-The Mountain and the Viper,season-04,Game-of-Thrones,Missandei is seen walking up toward Dany's throne. Grey Worm enters
18937,e8-The Mountain and the Viper,season-04,Game-of-Thrones,Grey Worm shakes his head no
18942,e8-The Mountain and the Viper,season-04,Game-of-Thrones,Grey Worm turns around and begins to walk away
18944,e8-The Mountain and the Viper,season-04,Game-of-Thrones,Grey Worm stops and turns around
18947,e8-The Mountain and the Viper,season-04,Game-of-Thrones,Grey Worm turns and walks out of the throne room
18957,e8-The Mountain and the Viper,season-04,Game-of-Thrones,Theon approaches the castle on horseback
18959,e8-The Mountain and the Viper,season-04,Game-of-Thrones,Theon enters the castle walls. Inside a lot of people are sick or dying
18968,e8-The Mountain and the Viper,season-04,Game-of-Thrones,Theon hands Kenning a scroll
18972,e8-The Mountain and the Viper,season-04,Game-of-Thrones,Kenning falls to the ground. His men pick him up
18975,e8-The Mountain and the Viper,season-04,Game-of-Thrones,Kenning spits blood in Theon's face
18981,e8-The Mountain and the Viper,season-04,Game-of-Thrones,MAN 4 kills Kenning with an axe
18985,e8-The Mountain and the Viper,season-04,Game-of-Thrones,Cut to MAN 4's body with no skin and his eye cut out
19009,e8-The Mountain and the Viper,season-04,Game-of-Thrones,Sansa Stark enters the room
19027,e8-The Mountain and the Viper,season-04,Game-of-Thrones,Sansa looks up at Petyr
19028,e8-The Mountain and the Viper,season-04,Game-of-Thrones,"Lord Royce, Lady Anya, and Petyr walk down the stairs"
19049,e8-The Mountain and the Viper,season-04,Game-of-Thrones,A boy hands a scroll to Ser Barristan. He reads it
19050,e8-The Mountain and the Viper,season-04,Game-of-Thrones,Ser Jorah is looking at a map by the water alone
19055,e8-The Mountain and the Viper,season-04,Game-of-Thrones,Ser Barristan hands Ser Jorah the scroll
19064,e8-The Mountain and the Viper,season-04,Game-of-Thrones,Ser Barristan leaves
19065,e8-The Mountain and the Viper,season-04,Game-of-Thrones,"Ser Jorah enters Dany's throne room, walking toward her"
19096,e8-The Mountain and the Viper,season-04,Game-of-Thrones,Ser Jorah goes for Dany's hand
19098,e8-The Mountain and the Viper,season-04,Game-of-Thrones,Ser Jorah rides away from Mereen
19099,e8-The Mountain and the Viper,season-04,Game-of-Thrones,Ramsay is seen holding a flag out to Lord Bolton
19111,e8-The Mountain and the Viper,season-04,Game-of-Thrones,The Bolton army rides forward on horseback
19113,e8-The Mountain and the Viper,season-04,Game-of-Thrones,Sansa is seen sitting on her bed sewing. Petyr knocks on her door
19124,e8-The Mountain and the Viper,season-04,Game-of-Thrones,She looks up at him
19126,e8-The Mountain and the Viper,season-04,Game-of-Thrones,Arya and the Hound approach the Vale
19150,e8-The Mountain and the Viper,season-04,Game-of-Thrones,Arya bursts out laughing
19151,e8-The Mountain and the Viper,season-04,Game-of-Thrones,Petyr is walking down the stairs with Robin
19156,e8-The Mountain and the Viper,season-04,Game-of-Thrones,"Sansa enters the scene and walks down the stairs, Petyr looks at her"
19159,e8-The Mountain and the Viper,season-04,Game-of-Thrones,"In prison, Tyrion drinks wine from Jaime"
19190,e8-The Mountain and the Viper,season-04,Game-of-Thrones,Bells begin chiming in the distance. Jaime goes to leave
19192,e8-The Mountain and the Viper,season-04,Game-of-Thrones,"Tyrion walks out toward the arena. The Lannisters are there, Oberyn is there getting ready for the battle. Tyrion passes him in handcuffs"
19205,e8-The Mountain and the Viper,season-04,Game-of-Thrones,Tywin speeds the process along in boredom. Horns sound to start the fight. Oberyn kisses Ellaria
19208,e8-The Mountain and the Viper,season-04,Game-of-Thrones,Oberyn is tossed his weapon. He's very good with it. The crowd cheers
19211,e8-The Mountain and the Viper,season-04,Game-of-Thrones,The Mountain lunges forward as the battle begins
19216,e8-The Mountain and the Viper,season-04,Game-of-Thrones,Oberyn stabs the Mountain in the gut
19218,e8-The Mountain and the Viper,season-04,Game-of-Thrones,Oberyn charges at the Mountain to give him one final blow
19220,e8-The Mountain and the Viper,season-04,Game-of-Thrones,"Everyone looks down, surprised. Oberyn pulls his weapon out of the Mountain and starts walking around his body"
19222,e8-The Mountain and the Viper,season-04,Game-of-Thrones,"The Mountain trips Oberyn and grabs him in his massive hands. He punches out his teeth and gets on top of Oberyn, squeezing his head"
19224,e8-The Mountain and the Viper,season-04,Game-of-Thrones,Ellaria screams in agony. Tyrion looks dead inside
19226,e9-The Watchers on the Wall,season-04,Game-of-Thrones,Opens on Jon Snow and Samwell Tarly standing on the edge of The Wall. It's night
19247,e9-The Watchers on the Wall,season-04,Game-of-Thrones,"Sam gets in the lift back down off the wall. An owl perches on a post. Cut to the Wildlings where Thenn warg is standing with his eyes white. Ygritte, Tormund, and Styr are sitting in the background"
19261,e9-The Watchers on the Wall,season-04,Game-of-Thrones,Everyone laughs. Ygritte gets up and rushes towards Styr
19265,e9-The Watchers on the Wall,season-04,Game-of-Thrones,"Gilly walks along the top of the hill with her baby, looking down at the Wildling camp. She walks away quickly. Cut to Sam in the library reading"
19285,e9-The Watchers on the Wall,season-04,Game-of-Thrones,Aemon gets up and blows out the candle. Sam leaves the room and outside hears Gilly at the gate talking with Pypar
19296,e9-The Watchers on the Wall,season-04,Game-of-Thrones,Pyp goes to open the gate
19299,e9-The Watchers on the Wall,season-04,Game-of-Thrones,Gilly runs inside and Sam embraces her
19307,e9-The Watchers on the Wall,season-04,Game-of-Thrones,A horn sounds in the distance
19309,e9-The Watchers on the Wall,season-04,Game-of-Thrones,Members of the Night's Watch can be heard shouting frantically. The owl screeches. Cut to Thenn warg whose eyes turn back to normal
19311,e9-The Watchers on the Wall,season-04,Game-of-Thrones,The Wildlings get up and look at the hill. The owl flies away as the Night's Watch prepare for battle. Jon Snow walks out to the edge of The Wall and looks down upon flames in the distance. The Night's Watch light torches preparing for battle. Barrels are rolled to the edge of The Wall
19313,e9-The Watchers on the Wall,season-04,Game-of-Thrones,The barrels are rolled into place
19320,e9-The Watchers on the Wall,season-04,Game-of-Thrones,Sam and Gilly are walking down a hall. Sam unlocks a door and they both enter. The room is filled with supplies. Gilly lays her baby on a sack of something
19332,e9-The Watchers on the Wall,season-04,Game-of-Thrones,Sam kisses Gilly
19335,e9-The Watchers on the Wall,season-04,Game-of-Thrones,"Sam turns around and leaves the room. Outside the Night's Watch is still getting ready for battle. Pyp sets some arrows up then stands back, scared"
19343,e9-The Watchers on the Wall,season-04,Game-of-Thrones,Ygritte looks up at Castle Black. She sees Sam in the tower and she runs down the hill toward the other Wildlings
19348,e9-The Watchers on the Wall,season-04,Game-of-Thrones,Everyone cheers
19350,e9-The Watchers on the Wall,season-04,Game-of-Thrones,"The Wildlings head towards Castle Black. Overhead shot pans to show the castle, The Wall, and then the flames in the distance. Mance Rayder's forces are seen stomping and yelling through the woods. A giant rides a giant mammoth. The Night's Watch perched upon the wall look down at them in awe"
19352,e9-The Watchers on the Wall,season-04,Game-of-Thrones,"The archers get ready to shoot, Grenn accidentally drops a barrel"
19359,e9-The Watchers on the Wall,season-04,Game-of-Thrones,Tormund and his men rush Castle Black as archers shoot at them. Ygritte grabs flaming arrows from the ground and shots up at the Night's Watch
19367,e9-The Watchers on the Wall,season-04,Game-of-Thrones,"The archers on The Wall let loose a barrage of arrows downward at Rayder's troops. They back up, then cheer. On the other side, Ygritte continues to let loose flaming arrows"
19369,e9-The Watchers on the Wall,season-04,Game-of-Thrones,Pyp shoots a crossbow down at Tormund's troops
19375,e9-The Watchers on the Wall,season-04,Game-of-Thrones,Tormund's troops throw rope up at the gate. Alliser steps off the lift and walks towards the Night's Watch
19379,e9-The Watchers on the Wall,season-04,Game-of-Thrones,Night's Watch cheers
19382,e9-The Watchers on the Wall,season-04,Game-of-Thrones,Alliser and the Night's Watch rush at the Wildlings that have scaled the gate. Pyp and Sam leave their position as Tormund scales the gate. On the other side Rayder's troops advance
19390,e9-The Watchers on the Wall,season-04,Game-of-Thrones,Janos runs away. Jon and Grenn nod at each other
19392,e9-The Watchers on the Wall,season-04,Game-of-Thrones,The archers let loose a bunch of arrows at Rayder's men as they rush the wall and begin to climb
19397,e9-The Watchers on the Wall,season-04,Game-of-Thrones,Archers of the Night's Watch are lowered perpendicular to The Wall
19399,e9-The Watchers on the Wall,season-04,Game-of-Thrones,"A Wildling tries to shoot an arrow up at The Wall unsuccessfully. A giant stands next to him and shoots his own arrow up. The first rips through one of the posts. The second clears one of the Night's Watch straight off the wall. At Castle Black the fighting continues. Styr kills a man, the blood splatters on Olly's face. Janos comes down off the lift and Olly returns the lift to the top. Wildlings break into the kitchen. Janos cowardly runs down a hall toward where Gilly and her baby are hiding. He looks at her in shock. Outside Pyp finally hits someone with his crossbow."
19404,e9-The Watchers on the Wall,season-04,Game-of-Thrones,"Pyp goes up to shoot a Wildling, but Ygrytte shoots an arrow right through his neck. He falls into Sam's arms"
19408,e9-The Watchers on the Wall,season-04,Game-of-Thrones,The Night's Watch drop barrels down toward the Wildlings that approach the gate. Two giants and a mammoth approach the gate and begin pulling at it with long ropes
19416,e9-The Watchers on the Wall,season-04,Game-of-Thrones,Alliser and Tormund start fighting each other like badasses. Tormund slices Alliser in the gut. Alliser falls to the ground and gets dragged  underneath
19418,e9-The Watchers on the Wall,season-04,Game-of-Thrones,"Sam sits with Pyp on his lap, dead. He lays him on the ground and grabs the crossbow. He makes a run for the lift as Thenn warg sees him and chases after him. Sam shoots him in the head with his crossbow. Grenn and the men that came down with him get off the lift"
19423,e9-The Watchers on the Wall,season-04,Game-of-Thrones,Sam gets in the lift
19425,e9-The Watchers on the Wall,season-04,Game-of-Thrones,Olly sits on the ground with his hands over his ears in fear
19427,e9-The Watchers on the Wall,season-04,Game-of-Thrones,Olly raises the lift
19429,e9-The Watchers on the Wall,season-04,Game-of-Thrones,"Olly looks down at a bow and arrow. On The Wall, barrels of flaming oil are dropped down on the giants and the mammoth. The mammoth goes running off and one of the giants chases after it. Up top, one of the barrels got stuck and the men of the Night's Watch frantically try to get it off the ramp. A spear is fired down at one of the giants and it hits him right in the back. The other giant shouts in anger and goes to raise the gate with his bare hands. The barrel explodes on the ramp. Sam approaches Jon"
19433,e9-The Watchers on the Wall,season-04,Game-of-Thrones,Jon leaves his post and grabs his sword
19436,e9-The Watchers on the Wall,season-04,Game-of-Thrones,Grenn gets to the inner gate with his men as the giant continues to raise the gate
19442,e9-The Watchers on the Wall,season-04,Game-of-Thrones,The giant lifts the gate and goes under it
19446,e9-The Watchers on the Wall,season-04,Game-of-Thrones,"The giant rushes toward the inner gate as Grenn and his men stand in fear, ready to fight"
19449,e9-The Watchers on the Wall,season-04,Game-of-Thrones,"Jon, Sam, and the other men ride the lift to the bottom"
19452,e9-The Watchers on the Wall,season-04,Game-of-Thrones,Jon hands Sam a key
19454,e9-The Watchers on the Wall,season-04,Game-of-Thrones,"Sam nods as Jon opens the lift door early and leaps out and begins fighting. So begins the most incredible shot in the series, as the camera pans around the entire battlefield showing us glimpses of this truly epic battle. Sam runs to a door and unlocks it"
19456,e9-The Watchers on the Wall,season-04,Game-of-Thrones,"Ghost runs out and attacks one of the men that Jon was fighting. Tormund gets his first arrow to the back. Styr sees Jon and rushes to fight him. They go at it for a bit. Ygritte runs out of arrows so she jumps down and steals some from a dead body. Styr and Jon are still fighting as Ygritte finally spots Jon. Styr slams Jon's face against an anvil. Jon kills Styr with a hammer. As he turns around he sees Yrgitte with an arrow aimed right at him. They both stare, Jon smiles. An arrow goes straight through Ygritte's chest. She falls to the ground. It was Olly, that bastard. Jon rushes to catch Ygritte"
19460,e9-The Watchers on the Wall,season-04,Game-of-Thrones,Jon nods
19464,e9-The Watchers on the Wall,season-04,Game-of-Thrones,"Ygritte dies. The battle rages on as Jon holds Ygritte's dead body. On the other side, Rayder's troops are climbing the wall"
19466,e9-The Watchers on the Wall,season-04,Game-of-Thrones,A massive scythe drops down on the men
19468,e9-The Watchers on the Wall,season-04,Game-of-Thrones,Rayder's troops retreat
19470,e9-The Watchers on the Wall,season-04,Game-of-Thrones,The Night's Watch cheers in excitement
19472,e9-The Watchers on the Wall,season-04,Game-of-Thrones,"Inside Castle Black's walls Tormund is still alive, swinging his sword with two arrows in his back"
19475,e9-The Watchers on the Wall,season-04,Game-of-Thrones,Jon grabs a crossbow and shoots Tormund in the leg then kicks away his weapon
19479,e9-The Watchers on the Wall,season-04,Game-of-Thrones,Gilly hears someone entering her room. She grabs a leg of meat as a weapon and rushes the door
19481,e9-The Watchers on the Wall,season-04,Game-of-Thrones,Sam turns around and sees Janos. Outside the Night's Watch clean up after the battle. Sam and Jon descend the stairs
19496,e9-The Watchers on the Wall,season-04,Game-of-Thrones,"Jon stands there for a second as he and Sam look at each other, then he walks off, Sam scampering after him. They walk down the tunnel toward the gate. The giant and Grenn and his men are dead on the ground"
19498,e9-The Watchers on the Wall,season-04,Game-of-Thrones,Sam waves his torch to signal the raising of the gate. Jon removes his sword
19502,e9-The Watchers on the Wall,season-04,Game-of-Thrones,The gate raises and Jon walks through it
